Match_Id,Match_Date,Team_Name_Id,Opponent_Team_Id,Season_Id,Venue_Name,Toss_Winner_Id,Toss_Decision,IS_Superover,IS_Result,Is_DuckWorthLewis,Win_Type,Won_By,Match_Winner_Id,Man_Of_The_Match_Id,City_Name,Host_Country
335987,18-04-2008,2,1,1,M Chinnaswamy Stadium,2,field,0,1,0,by runs,140,1,2,Bangalore,India
335988,19-04-2008,4,3,1,"Punjab Cricket Association Stadium, Mohali",3,bat,0,1,0,by runs,33,3,19,Chandigarh,India
335989,20-04-2008,6,5,1,Feroz Shah Kotla,5,bat,0,1,0,by wickets,9,6,90,Delhi,India
335990,21-04-2008,7,2,1,Wankhede Stadium,7,bat,0,1,0,by wickets,5,2,11,Mumbai,India
335991,22-04-2008,1,8,1,Eden Gardens,8,bat,0,1,0,by wickets,5,1,4,Kolkata,India
335992,23-04-2008,5,4,1,Sawai Mansingh Stadium,4,bat,0,1,0,by wickets,6,5,32,Jaipur,India
335993,24-04-2008,8,6,1,"Rajiv Gandhi International Stadium, Uppal",8,bat,0,1,0,by wickets,9,6,41,Hyderabad,India
335994,25-04-2008,3,7,1,"MA Chidambaram Stadium, Chepauk",7,field,0,1,0,by runs,6,3,18,Chennai,India
335995,26-04-2008,8,5,1,"Rajiv Gandhi International Stadium, Uppal",5,field,0,1,0,by wickets,3,5,31,Hyderabad,India
335996,27-04-2008,4,7,1,"Punjab Cricket Association Stadium, Mohali",7,field,0,1,0,by runs,66,4,26,Chandigarh,India
335997,28-04-2008,2,5,1,M Chinnaswamy Stadium,5,field,0,1,0,by wickets,7,5,32,Bangalore,India
335998,29-04-2008,3,1,1,"MA Chidambaram Stadium, Chepauk",1,bat,0,1,0,by wickets,9,3,22,Chennai,India
335999,30-04-2008,7,8,1,Dr DY Patil Sports Academy,8,field,0,1,0,by wickets,10,8,53,Mumbai,India
336000,01-05-2008,4,6,1,"Punjab Cricket Association Stadium, Mohali",6,bat,0,1,0,by wickets,4,4,28,Chandigarh,India
336001,02-05-2008,2,3,1,M Chinnaswamy Stadium,3,bat,0,1,0,by runs,13,3,20,Bangalore,India
336002,03-05-2008,1,7,1,Eden Gardens,1,bat,0,1,0,by wickets,7,7,44,Kolkata,India
336003,04-05-2008,6,2,1,Feroz Shah Kotla,2,field,0,1,0,by runs,10,6,118,Delhi,India
336004,05-05-2008,8,4,1,"Rajiv Gandhi International Stadium, Uppal",4,field,0,1,0,by wickets,7,4,100,Hyderabad,India
336005,06-05-2008,5,1,1,Sawai Mansingh Stadium,5,bat,0,1,0,by runs,45,5,101,Jaipur,India
336006,07-05-2008,3,6,1,"MA Chidambaram Stadium, Chepauk",3,bat,0,1,0,by wickets,8,6,41,Chennai,India
336007,08-05-2008,8,2,1,"Rajiv Gandhi International Stadium, Uppal",8,bat,0,1,0,by wickets,5,2,81,Hyderabad,India
336008,09-05-2008,4,1,1,"Punjab Cricket Association Stadium, Mohali",4,bat,0,1,0,by runs,9,4,29,Chandigarh,India
336009,10-05-2008,7,6,1,Dr DY Patil Sports Academy,6,field,0,1,0,by runs,29,7,49,Mumbai,India
336010,11-05-2008,5,3,1,Sawai Mansingh Stadium,3,bat,0,1,0,by wickets,8,5,102,Jaipur,India
336011,12-05-2008,2,4,1,M Chinnaswamy Stadium,4,field,0,1,0,by wickets,6,4,77,Bangalore,India
336012,13-05-2008,3,8,1,"MA Chidambaram Stadium, Chepauk",8,field,0,1,0,by wickets,7,8,53,Chennai,India
336013,14-05-2008,7,5,1,Dr DY Patil Sports Academy,7,field,0,1,0,by wickets,7,7,73,Mumbai,India
336014,15-05-2008,6,3,1,Feroz Shah Kotla,3,field,0,1,0,by wickets,4,3,20,Delhi,India
336015,16-05-2008,1,2,1,Eden Gardens,1,bat,0,1,0,by runs,5,1,1,Kolkata,India
336016,17-05-2008,5,8,1,Sawai Mansingh Stadium,5,field,0,1,0,by wickets,8,5,31,Jaipur,India
336017,18-05-2008,2,7,1,M Chinnaswamy Stadium,7,field,0,1,0,by wickets,9,7,149,Bangalore,India
336018,19-05-2008,3,4,1,"MA Chidambaram Stadium, Chepauk",4,field,0,1,0,by runs,18,3,151,Chennai,India
336019,20-05-2008,8,1,1,"Rajiv Gandhi International Stadium, Uppal",1,bat,0,1,0,by runs,23,1,1,Hyderabad,India
336020,21-05-2008,5,6,1,Sawai Mansingh Stadium,5,field,0,1,0,by wickets,3,5,32,Jaipur,India
336021,22-05-2008,4,2,1,"Punjab Cricket Association Stadium, Mohali",2,bat,0,1,0,by wickets,9,4,100,Chandigarh,India
336022,23-05-2008,1,6,1,Eden Gardens,1,bat,0,1,0,by runs,23,1,144,Kolkata,India
336023,24-05-2008,7,3,1,Wankhede Stadium,7,field,0,1,0,by wickets,9,7,44,Mumbai,India
336024,25-05-2008,4,5,1,"Punjab Cricket Association Stadium, Mohali",5,field,0,1,0,by runs,41,4,100,Chandigarh,India
336025,26-05-2008,6,8,1,Feroz Shah Kotla,8,field,0,1,0,by runs,12,6,136,Delhi,India
336026,27-05-2008,7,1,1,Wankhede Stadium,7,field,0,1,0,by wickets,8,7,49,Mumbai,India
336027,28-05-2008,6,4,1,Feroz Shah Kotla,6,bat,0,1,1,by runs,6,4,64,Delhi,India
336028,29-05-2008,5,2,1,Sawai Mansingh Stadium,2,field,0,1,0,by runs,65,5,74,Jaipur,India
336029,30-05-2008,8,7,1,"Rajiv Gandhi International Stadium, Uppal",8,field,0,1,0,by runs,25,7,71,Hyderabad,India
336030,31-05-2008,1,3,1,Eden Gardens,1,bat,0,1,1,by runs,3,3,122,Kolkata,India
336031,01-06-2008,2,6,1,M Chinnaswamy Stadium,6,field,0,1,0,by wickets,5,6,132,Bangalore,India
336032,02-06-2008,1,5,1,Eden Gardens,5,field,0,1,0,by wickets,6,5,31,Kolkata,India
336033,03-06-2008,7,4,1,Wankhede Stadium,7,field,0,1,0,by runs,1,4,100,Mumbai,India
336034,04-06-2008,3,2,1,"MA Chidambaram Stadium, Chepauk",2,bat,0,1,0,by runs,14,2,124,Chennai,India
336036,05-06-2008,4,8,1,"Punjab Cricket Association Stadium, Mohali",4,field,0,1,0,by wickets,6,4,100,Chandigarh,India
336037,06-06-2008,6,7,1,Feroz Shah Kotla,6,field,0,1,0,by wickets,5,6,88,Delhi,India
336038,07-06-2008,3,5,1,"MA Chidambaram Stadium, Chepauk",5,bat,0,1,0,by runs,10,5,109,Chennai,India
336039,08-06-2008,2,8,1,M Chinnaswamy Stadium,8,field,0,1,0,by runs,3,2,14,Bangalore,India
336040,09-06-2008,1,4,1,Eden Gardens,4,bat,0,1,0,by wickets,3,1,105,Kolkata,India
336041,10-06-2008,5,7,1,Sawai Mansingh Stadium,5,field,0,1,0,by wickets,5,5,102,Jaipur,India
336042,11-06-2008,8,3,1,"Rajiv Gandhi International Stadium, Uppal",8,bat,0,1,0,by wickets,7,3,21,Hyderabad,India
336043,12-06-2008,6,5,1,Wankhede Stadium,6,field,0,1,0,by runs,105,5,32,Mumbai,India
336044,13-06-2008,3,4,1,Wankhede Stadium,4,bat,0,1,0,by wickets,9,3,122,Mumbai,India
336045,14-06-2008,3,5,1,Dr DY Patil Sports Academy,5,field,0,1,0,by wickets,3,5,31,Mumbai,India
392186,15-06-2008,3,7,2,Newlands,3,field,0,1,0,by runs,19,7,133,Cape Town,South Africa
392187,16-06-2008,2,5,2,Newlands,2,bat,0,1,0,by runs,75,2,6,Cape Town,South Africa
392188,17-06-2008,6,4,2,Newlands,6,field,0,1,1,by wickets,10,6,175,Cape Town,South Africa
392189,18-06-2008,8,1,2,Newlands,1,bat,0,1,0,by wickets,8,8,61,Cape Town,South Africa
392190,19-06-2008,2,3,2,St George's Park,3,bat,0,1,0,by runs,92,3,121,Port Elizabeth,South Africa
392191,20-06-2008,4,1,2,Kingsmead,1,field,0,1,1,by runs,11,1,162,Durban,South Africa
392193,21-06-2008,2,8,2,Newlands,8,bat,0,1,0,by runs,24,8,53,Cape Town,South Africa
392194,22-06-2008,3,6,2,Kingsmead,6,bat,0,1,0,by runs,9,6,110,Durban,South Africa
392195,23-06-2008,1,5,2,Newlands,1,field,1,1,0,Tie,NULL,5,31,Cape Town,South Africa
392196,24-06-2008,2,4,2,Kingsmead,2,bat,0,1,0,by wickets,7,4,161,Durban,South Africa
392197,25-06-2008,8,7,2,Kingsmead,8,bat,0,1,0,by runs,12,8,131,Durban,South Africa
392199,26-06-2008,2,6,2,St George's Park,2,bat,0,1,0,by wickets,6,6,135,Port Elizabeth,South Africa
392200,27-06-2008,4,5,2,Newlands,4,bat,0,1,0,by runs,27,4,26,Cape Town,South Africa
392201,28-06-2008,3,8,2,Kingsmead,8,field,0,1,0,by wickets,6,8,97,Durban,South Africa
392202,29-06-2008,1,7,2,St George's Park,7,bat,0,1,0,by runs,92,7,133,Port Elizabeth,South Africa
392203,30-06-2008,6,5,2,SuperSport Park,6,bat,0,1,0,by wickets,5,5,31,Centurion,South Africa
392204,01-07-2008,2,1,2,Kingsmead,1,bat,0,1,0,by wickets,5,2,11,Durban,South Africa
392205,02-07-2008,4,7,2,Kingsmead,4,bat,0,1,0,by runs,3,4,26,Durban,South Africa
392206,03-07-2008,8,6,2,SuperSport Park,6,field,0,1,0,by wickets,6,6,223,Centurion,South Africa
392207,04-07-2008,3,5,2,SuperSport Park,5,field,0,1,0,by runs,38,3,21,Centurion,South Africa
392208,05-07-2008,1,7,2,Buffalo Park,7,bat,0,1,0,by runs,9,7,154,East London,South Africa
392209,06-07-2008,2,4,2,Kingsmead,2,bat,0,1,0,by runs,8,2,27,Durban,South Africa
392210,07-07-2008,8,5,2,St George's Park,8,bat,0,1,0,by wickets,3,5,31,Port Elizabeth,South Africa
392211,08-07-2008,3,6,2,New Wanderers Stadium,6,field,0,1,0,by runs,18,3,186,Johannesburg,South Africa
392212,09-07-2008,4,1,2,St George's Park,1,bat,0,1,0,by wickets,6,4,64,Port Elizabeth,South Africa
392213,10-07-2008,2,7,2,New Wanderers Stadium,7,bat,0,1,0,by wickets,9,2,9,Johannesburg,South Africa
392214,11-07-2008,3,8,2,Buffalo Park,3,bat,0,1,0,by runs,78,3,20,East London,South Africa
392215,12-07-2008,4,5,2,Kingsmead,4,field,0,1,0,by runs,78,5,74,Durban,South Africa
392216,13-07-2008,6,1,2,Kingsmead,1,bat,0,1,0,by wickets,9,6,40,Durban,South Africa
392217,14-07-2008,8,7,2,SuperSport Park,8,bat,0,1,0,by runs,19,8,57,Centurion,South Africa
392218,15-07-2008,2,5,2,SuperSport Park,5,field,0,1,0,by wickets,7,5,196,Centurion,South Africa
392219,16-07-2008,3,4,2,SuperSport Park,3,bat,0,1,1,by runs,12,3,18,Centurion,South Africa
392220,17-07-2008,6,7,2,Buffalo Park,7,bat,0,1,0,by wickets,7,6,73,East London,South Africa
392221,18-07-2008,8,4,2,De Beers Diamond Oval,4,field,0,1,0,by wickets,3,4,64,Kimberley,South Africa
392222,19-07-2008,3,5,2,De Beers Diamond Oval,5,bat,0,1,0,by wickets,7,3,23,Kimberley,South Africa
392223,20-07-2008,2,7,2,St George's Park,7,bat,0,1,0,by runs,16,7,154,Port Elizabeth,South Africa
392224,21-07-2008,6,1,2,New Wanderers Stadium,6,field,0,1,0,by wickets,7,6,136,Johannesburg,South Africa
392225,22-07-2008,8,5,2,De Beers Diamond Oval,8,bat,0,1,0,by runs,53,8,147,Kimberley,South Africa
392226,23-07-2008,2,1,2,SuperSport Park,2,field,0,1,0,by wickets,6,2,52,Centurion,South Africa
392227,24-07-2008,4,7,2,SuperSport Park,4,bat,0,1,0,by wickets,8,7,50,Centurion,South Africa
392228,25-07-2008,8,6,2,Kingsmead,8,field,0,1,0,by runs,12,6,89,Durban,South Africa
392229,26-07-2008,2,3,2,Kingsmead,3,bat,0,1,0,by wickets,2,2,52,Durban,South Africa
392230,27-07-2008,7,5,2,Kingsmead,5,bat,0,1,0,by runs,2,5,38,Durban,South Africa
392231,28-07-2008,6,4,2,OUTsurance Oval,4,field,0,1,0,by wickets,6,4,66,Bloemfontein,South Africa
392232,29-07-2008,3,7,2,St George's Park,7,bat,0,1,0,by wickets,7,3,18,Port Elizabeth,South Africa
392233,30-07-2008,8,1,2,New Wanderers Stadium,8,field,0,1,0,by wickets,6,8,57,Johannesburg,South Africa
392234,31-07-2008,8,4,2,New Wanderers Stadium,8,field,0,1,0,by runs,1,4,27,Johannesburg,South Africa
392235,01-08-2008,6,5,2,OUTsurance Oval,6,bat,0,1,0,by runs,14,6,110,Bloemfontein,South Africa
392236,02-08-2008,3,1,2,SuperSport Park,3,bat,0,1,0,by wickets,7,1,104,Centurion,South Africa
392237,03-08-2008,2,6,2,New Wanderers Stadium,6,bat,0,1,0,by wickets,7,2,9,Johannesburg,South Africa
392238,04-08-2008,1,5,2,Kingsmead,1,field,0,1,0,by wickets,4,1,63,Durban,South Africa
392239,05-08-2008,3,4,2,Kingsmead,3,bat,0,1,0,by runs,24,3,121,Durban,South Africa
392240,06-08-2008,6,7,2,SuperSport Park,6,field,0,1,0,by wickets,4,6,41,Centurion,South Africa
392241,07-08-2008,2,8,2,SuperSport Park,2,bat,0,1,0,by runs,12,2,96,Centurion,South Africa
392242,08-08-2008,6,8,2,SuperSport Park,8,field,0,1,0,by wickets,6,8,53,Centurion,South Africa
392243,09-08-2008,2,3,2,New Wanderers Stadium,2,field,0,1,0,by wickets,6,2,96,Johannesburg,South Africa
392244,10-08-2008,2,8,2,New Wanderers Stadium,2,field,0,1,0,by runs,6,8,124,Johannesburg,South Africa
419111,11-08-2008,8,1,3,Dr DY Patil Sports Academy,8,field,0,1,0,by runs,11,1,191,Mumbai,India
419112,12-08-2008,7,5,3,Brabourne Stadium,7,bat,0,1,0,by runs,4,7,31,Mumbai,India
419113,13-08-2008,4,6,3,"Punjab Cricket Association Stadium, Mohali",6,field,0,1,0,by wickets,5,6,40,Chandigarh,India
419114,14-08-2008,1,2,3,Eden Gardens,1,field,0,1,0,by wickets,7,1,87,Kolkata,India
419115,15-08-2008,3,8,3,"MA Chidambaram Stadium, Chepauk",8,bat,0,1,0,by runs,31,8,60,Chennai,India
419116,16-08-2008,5,6,3,"Sardar Patel Stadium, Motera",6,field,0,1,0,by wickets,6,6,41,Ahmedabad,India
419117,17-08-2008,2,4,3,M Chinnaswamy Stadium,4,bat,0,1,0,by wickets,8,2,9,Bangalore,India
419118,18-08-2008,1,3,3,Eden Gardens,3,bat,0,1,0,by runs,55,3,20,Kolkata,India
419119,19-08-2008,6,7,3,Feroz Shah Kotla,6,field,0,1,0,by runs,98,7,133,Delhi,India
419120,20-08-2008,2,5,3,M Chinnaswamy Stadium,2,field,0,1,0,by wickets,10,2,9,Bangalore,India
419121,21-08-2008,6,3,3,Feroz Shah Kotla,6,bat,0,1,0,by wickets,5,3,18,Delhi,India
419122,22-08-2008,8,4,3,Barabati Stadium,4,field,0,1,0,by runs,6,8,56,Cuttack,India
419123,23-08-2008,5,1,3,"Sardar Patel Stadium, Motera",5,bat,0,1,0,by runs,34,5,211,Ahmedabad,India
419124,24-08-2008,7,2,3,Brabourne Stadium,7,bat,0,1,0,by wickets,7,2,9,Mumbai,India
419125,25-08-2008,8,6,3,Barabati Stadium,8,bat,0,1,0,by runs,10,8,56,Cuttack,India
419126,26-08-2008,3,4,3,"MA Chidambaram Stadium, Chepauk",3,field,1,1,0,Tie,NULL,4,233,Chennai,India
419127,27-08-2008,7,1,3,Brabourne Stadium,1,bat,0,1,0,by wickets,7,7,133,Mumbai,India
419128,28-08-2008,2,3,3,M Chinnaswamy Stadium,3,field,0,1,0,by runs,36,2,46,Bangalore,India
419129,29-08-2008,4,5,3,"Punjab Cricket Association Stadium, Mohali",4,field,0,1,0,by runs,31,5,230,Chandigarh,India
419130,30-08-2008,7,3,3,Brabourne Stadium,7,field,0,1,0,by wickets,5,7,133,Mumbai,India
419131,31-08-2008,5,8,3,"Sardar Patel Stadium, Motera",8,bat,0,1,0,by wickets,8,5,31,Ahmedabad,India
419132,01-09-2008,4,1,3,"Punjab Cricket Association Stadium, Mohali",1,bat,0,1,0,by runs,39,1,87,Chandigarh,India
419133,02-09-2008,2,6,3,M Chinnaswamy Stadium,2,field,0,1,0,by runs,17,6,237,Bangalore,India
419134,03-09-2008,5,3,3,"Sardar Patel Stadium, Motera",5,bat,0,1,0,by runs,17,5,183,Ahmedabad,India
419135,04-09-2008,8,7,3,Dr DY Patil Sports Academy,8,field,0,1,0,by runs,41,7,50,Mumbai,India
419136,05-09-2008,6,1,3,Feroz Shah Kotla,6,bat,0,1,0,by runs,40,6,187,Delhi,India
419137,06-09-2008,7,4,3,Brabourne Stadium,7,field,0,1,0,by wickets,4,7,194,Mumbai,India
419138,07-09-2008,3,2,3,"MA Chidambaram Stadium, Chepauk",2,bat,0,1,0,by wickets,5,3,185,Chennai,India
419139,08-09-2008,6,5,3,Feroz Shah Kotla,6,bat,0,1,0,by runs,67,6,88,Delhi,India
419140,09-09-2008,1,8,3,Eden Gardens,1,bat,0,1,0,by runs,24,1,1,Kolkata,India
419141,10-09-2008,4,2,3,"Punjab Cricket Association Stadium, Mohali",4,bat,0,1,0,by wickets,6,2,158,Chandigarh,India
419142,11-09-2008,3,5,3,"MA Chidambaram Stadium, Chepauk",3,bat,0,1,0,by runs,23,3,185,Chennai,India
419143,12-09-2008,7,8,3,Brabourne Stadium,7,bat,0,1,0,by runs,63,7,208,Mumbai,India
419144,13-09-2008,1,4,3,Eden Gardens,1,bat,0,1,0,by wickets,8,4,64,Kolkata,India
419145,14-09-2008,6,2,3,Feroz Shah Kotla,6,bat,0,1,0,by runs,37,6,241,Delhi,India
419146,15-09-2008,8,5,3,"Vidarbha Cricket Association Stadium, Jamtha",5,bat,0,1,0,by runs,2,5,38,Nagpur,India
419147,16-09-2008,3,7,3,"MA Chidambaram Stadium, Chepauk",3,bat,0,1,0,by runs,24,3,21,Chennai,India
419148,17-09-2008,5,4,3,Sawai Mansingh Stadium,4,bat,0,1,0,by wickets,9,5,224,Jaipur,India
419149,18-09-2008,1,6,3,Eden Gardens,1,bat,0,1,0,by runs,14,1,1,Kolkata,India
419150,19-09-2008,2,8,3,M Chinnaswamy Stadium,8,field,0,1,0,by wickets,7,8,178,Bangalore,India
419151,20-09-2008,4,7,3,"Punjab Cricket Association Stadium, Mohali",7,bat,0,1,0,by wickets,6,4,26,Chandigarh,India
419152,21-09-2008,8,3,3,"Vidarbha Cricket Association Stadium, Jamtha",3,bat,0,1,0,by wickets,6,8,188,Nagpur,India
419153,22-09-2008,2,1,3,M Chinnaswamy Stadium,2,field,0,1,0,by wickets,7,2,81,Bangalore,India
419154,23-09-2008,6,4,3,Feroz Shah Kotla,6,bat,0,1,0,by wickets,7,4,67,Delhi,India
419155,24-09-2008,5,7,3,Sawai Mansingh Stadium,5,field,0,1,0,by runs,37,7,133,Jaipur,India
419156,25-09-2008,8,2,3,"Vidarbha Cricket Association Stadium, Jamtha",2,field,0,1,0,by runs,13,8,256,Nagpur,India
419157,26-09-2008,7,6,3,Brabourne Stadium,7,bat,0,1,0,by runs,39,7,221,Mumbai,India
419158,27-09-2008,3,1,3,"MA Chidambaram Stadium, Chepauk",1,bat,0,1,0,by wickets,9,3,201,Chennai,India
419159,28-09-2008,5,2,3,Sawai Mansingh Stadium,5,bat,0,1,0,by wickets,5,2,158,Jaipur,India
419160,29-09-2008,3,6,3,"MA Chidambaram Stadium, Chepauk",3,bat,0,1,0,by wickets,6,6,40,Chennai,India
419161,30-09-2008,4,8,3,Himachal Pradesh Cricket Association Stadium,8,field,0,1,0,by wickets,5,8,57,Dharamsala,India
419162,01-10-2008,2,7,3,M Chinnaswamy Stadium,2,field,0,1,0,by runs,57,7,210,Bangalore,India
419163,02-10-2008,1,5,3,Eden Gardens,5,bat,0,1,0,by wickets,8,1,346,Kolkata,India
419164,03-10-2008,4,3,3,Himachal Pradesh Cricket Association Stadium,3,field,0,1,0,by wickets,6,3,20,Dharamsala,India
419165,04-10-2008,6,8,3,Feroz Shah Kotla,8,bat,0,1,0,by runs,11,8,56,Delhi,India
419166,05-10-2008,1,7,3,Eden Gardens,7,bat,0,1,0,by wickets,9,1,83,Kolkata,India
419167,06-10-2008,2,7,3,Dr DY Patil Sports Academy,7,bat,0,1,0,by runs,35,7,221,Mumbai,India
419168,07-10-2008,3,8,3,Dr DY Patil Sports Academy,3,bat,0,1,0,by runs,38,3,248,Mumbai,India
419169,08-10-2008,2,8,3,Dr DY Patil Sports Academy,8,bat,0,1,0,by wickets,9,2,124,Mumbai,India
419170,09-10-2008,3,7,3,Dr DY Patil Sports Academy,3,bat,0,1,0,by runs,22,3,21,Mumbai,India
501203,10-10-2008,3,1,4,"MA Chidambaram Stadium, Chepauk",3,bat,0,1,0,by runs,2,3,125,Chennai,India
501204,11-10-2008,8,5,4,"Rajiv Gandhi International Stadium, Uppal",5,field,0,1,0,by wickets,8,5,39,Hyderabad,India
501205,12-10-2008,9,2,4,Nehru Stadium,9,bat,0,1,0,by wickets,6,2,110,Kochi,India
501206,13-10-2008,6,7,4,Feroz Shah Kotla,6,bat,0,1,0,by wickets,8,7,194,Delhi,India
501207,14-10-2008,10,4,4,Dr DY Patil Sports Academy,4,bat,0,1,0,by wickets,7,10,273,Mumbai,India
501208,15-10-2008,1,8,4,Eden Gardens,1,bat,0,1,0,by runs,9,1,9,Kolkata,India
501209,16-10-2008,5,6,4,Sawai Mansingh Stadium,6,bat,0,1,0,by wickets,6,5,38,Jaipur,India
501210,17-10-2008,2,7,4,M Chinnaswamy Stadium,7,field,0,1,0,by wickets,9,7,133,Bangalore,India
501211,18-10-2008,4,3,4,"Punjab Cricket Association Stadium, Mohali",4,field,0,1,0,by wickets,6,4,167,Chandigarh,India
501212,19-10-2008,10,9,4,Dr DY Patil Sports Academy,9,bat,0,1,0,by wickets,4,10,231,Mumbai,India
501213,20-10-2008,8,2,4,"Rajiv Gandhi International Stadium, Uppal",2,field,0,1,0,by runs,33,8,94,Hyderabad,India
501214,21-10-2008,5,1,4,Sawai Mansingh Stadium,1,field,0,1,0,by wickets,9,1,40,Jaipur,India
501215,22-10-2008,7,9,4,Wankhede Stadium,9,field,0,1,0,by wickets,8,9,2,Mumbai,India
501216,23-10-2008,3,2,4,"MA Chidambaram Stadium, Chepauk",3,bat,0,1,0,by runs,21,3,19,Chennai,India
501217,24-10-2008,8,4,4,"Rajiv Gandhi International Stadium, Uppal",4,field,0,1,0,by wickets,8,4,167,Hyderabad,India
501218,25-10-2008,10,6,4,Dr DY Patil Sports Academy,6,field,0,1,0,by wickets,3,6,27,Mumbai,India
501219,26-10-2008,1,5,4,Eden Gardens,1,field,0,1,0,by wickets,8,1,151,Kolkata,India
501220,27-10-2008,9,3,4,Nehru Stadium,9,field,0,1,1,by wickets,7,9,2,Kochi,India
501221,28-10-2008,6,8,4,Feroz Shah Kotla,8,bat,0,1,0,by runs,16,8,65,Delhi,India
501223,29-10-2008,7,10,4,Wankhede Stadium,10,bat,0,1,0,by wickets,7,7,126,Mumbai,India
501224,30-10-2008,1,9,4,Eden Gardens,1,field,0,1,0,by runs,6,9,64,Kolkata,India
501225,31-10-2008,4,5,4,"Punjab Cricket Association Stadium, Mohali",5,field,0,1,0,by runs,48,4,100,Chandigarh,India
501226,01-11-2008,7,3,4,Wankhede Stadium,3,field,0,1,0,by runs,8,7,50,Mumbai,India
501227,02-11-2008,1,2,4,Eden Gardens,2,field,0,1,0,by wickets,9,2,162,Kolkata,India
501228,03-11-2008,6,4,4,Feroz Shah Kotla,4,field,0,1,0,by runs,29,6,187,Delhi,India
501229,04-11-2008,8,7,4,"Rajiv Gandhi International Stadium, Uppal",8,field,0,1,0,by runs,37,7,194,Hyderabad,India
501230,05-11-2008,5,9,4,Sawai Mansingh Stadium,5,field,0,1,0,by wickets,8,5,38,Jaipur,India
501231,06-11-2008,3,10,4,"MA Chidambaram Stadium, Chepauk",10,field,0,1,0,by runs,25,3,19,Chennai,India
501232,07-11-2008,6,2,4,Feroz Shah Kotla,2,field,0,1,0,by wickets,3,2,8,Delhi,India
501233,08-11-2008,10,3,4,Dr DY Patil Sports Academy,10,bat,0,1,0,by wickets,8,3,248,Mumbai,India
501234,09-11-2008,9,8,4,Nehru Stadium,9,field,0,1,0,by runs,55,8,84,Kochi,India
501235,10-11-2008,6,1,4,Feroz Shah Kotla,6,field,0,1,0,by runs,17,1,87,Delhi,India
501236,11-11-2008,5,7,4,Sawai Mansingh Stadium,5,field,0,1,0,by wickets,7,5,192,Jaipur,India
501237,12-11-2008,2,10,4,M Chinnaswamy Stadium,10,field,0,1,0,by runs,26,2,8,Bangalore,India
501238,13-11-2008,9,6,4,Nehru Stadium,6,bat,0,1,0,by runs,38,6,41,Kochi,India
501239,14-11-2008,1,4,4,Eden Gardens,1,field,0,1,0,by wickets,8,1,140,Kolkata,India
501240,15-11-2008,5,10,4,Sawai Mansingh Stadium,5,field,0,1,0,by wickets,6,5,52,Jaipur,India
501241,16-11-2008,3,8,4,"MA Chidambaram Stadium, Chepauk",3,bat,0,1,0,by runs,19,3,109,Chennai,India
501242,17-11-2008,7,4,4,Wankhede Stadium,4,field,0,1,0,by runs,23,7,221,Mumbai,India
501243,18-11-2008,6,9,4,Feroz Shah Kotla,9,field,0,1,0,by wickets,7,9,294,Delhi,India
501244,19-11-2008,8,1,4,"Rajiv Gandhi International Stadium, Uppal",8,field,0,1,0,by runs,20,1,31,Hyderabad,India
501245,20-11-2008,3,5,4,"MA Chidambaram Stadium, Chepauk",5,bat,0,1,0,by wickets,8,3,19,Chennai,India
501246,21-11-2008,10,7,4,Dr DY Patil Sports Academy,10,field,0,1,0,by runs,21,7,235,Mumbai,India
501247,22-11-2008,9,1,4,Nehru Stadium,1,field,0,1,0,by runs,17,9,104,Kochi,India
501248,23-11-2008,8,6,4,"Rajiv Gandhi International Stadium, Uppal",6,field,0,1,0,by wickets,4,6,41,Hyderabad,India
501249,24-11-2008,2,4,4,M Chinnaswamy Stadium,4,field,0,1,0,by runs,85,2,162,Bangalore,India
501250,25-11-2008,1,3,4,Eden Gardens,3,bat,0,1,1,by runs,10,1,140,Kolkata,India
501251,26-11-2008,7,6,4,Wankhede Stadium,6,field,0,1,0,by runs,32,7,208,Mumbai,India
501252,27-11-2008,2,9,4,M Chinnaswamy Stadium,9,bat,0,1,0,by wickets,9,2,162,Bangalore,India
501253,28-11-2008,4,10,4,"Punjab Cricket Association Stadium, Mohali",4,bat,0,1,0,by wickets,5,10,235,Chandigarh,India
501254,29-11-2008,5,3,4,Sawai Mansingh Stadium,5,field,0,1,0,by runs,63,3,185,Jaipur,India
501255,30-11-2008,8,10,4,"Rajiv Gandhi International Stadium, Uppal",8,bat,0,1,0,by wickets,6,10,253,Hyderabad,India
501256,01-12-2008,4,7,4,"Punjab Cricket Association Stadium, Mohali",7,field,0,1,0,by runs,76,4,302,Chandigarh,India
501257,02-12-2008,5,2,4,Sawai Mansingh Stadium,2,field,0,1,0,by wickets,9,2,270,Jaipur,India
501258,03-12-2008,3,6,4,"MA Chidambaram Stadium, Chepauk",3,bat,0,1,0,by runs,18,3,20,Chennai,India
501259,04-12-2008,9,4,4,Holkar Cricket Stadium,4,field,0,1,0,by wickets,6,4,88,Indore,India
501260,05-12-2008,2,1,4,M Chinnaswamy Stadium,2,field,0,1,1,by wickets,4,2,162,Bangalore,India
501261,06-12-2008,7,8,4,Wankhede Stadium,8,bat,0,1,0,by runs,10,8,136,Mumbai,India
501262,07-12-2008,4,6,4,Himachal Pradesh Cricket Association Stadium,6,field,0,1,0,by runs,29,4,67,Dharamsala,India
501263,08-12-2008,9,5,4,Holkar Cricket Stadium,9,field,0,1,0,by wickets,8,9,104,Indore,India
501264,09-12-2008,10,8,4,Dr DY Patil Sports Academy,8,field,0,1,0,by wickets,6,8,136,Mumbai,India
501265,10-12-2008,4,2,4,Himachal Pradesh Cricket Association Stadium,4,bat,0,1,0,by runs,111,4,53,Dharamsala,India
501266,11-12-2008,3,9,4,"MA Chidambaram Stadium, Chepauk",3,bat,0,1,0,by runs,11,3,62,Chennai,India
501267,12-12-2008,10,1,4,Dr DY Patil Sports Academy,1,field,0,1,0,by wickets,7,1,31,Mumbai,India
501268,13-12-2008,7,5,4,Wankhede Stadium,7,bat,0,1,0,by wickets,10,5,32,Mumbai,India
501269,14-12-2008,4,8,4,Himachal Pradesh Cricket Association Stadium,4,field,0,1,0,by runs,82,8,42,Dharamsala,India
501270,15-12-2008,6,10,4,Feroz Shah Kotla,6,bat,0,0,0,No Result,NULL,NULL,NULL,Delhi,India
501271,16-12-2008,2,3,4,M Chinnaswamy Stadium,2,field,0,1,0,by wickets,8,2,162,Bangalore,India
501272,17-12-2008,1,7,4,Eden Gardens,7,field,0,1,0,by wickets,5,7,275,Kolkata,India
501273,18-12-2008,2,3,4,Wankhede Stadium,3,field,0,1,0,by wickets,6,3,21,Mumbai,India
501274,19-12-2008,7,1,4,Wankhede Stadium,7,field,0,1,0,by wickets,4,7,126,Mumbai,India
501275,20-12-2008,2,7,4,"MA Chidambaram Stadium, Chepauk",7,field,0,1,0,by runs,43,2,162,Chennai,India
501276,21-12-2008,3,2,4,"MA Chidambaram Stadium, Chepauk",3,bat,0,1,0,by runs,58,3,185,Chennai,India
548311,22-12-2008,3,7,5,"MA Chidambaram Stadium, Chepauk",7,field,0,1,0,by wickets,8,7,304,Chennai,India
548312,23-12-2008,1,6,5,Eden Gardens,6,field,0,1,0,by wickets,8,6,29,Kolkata,India
548313,24-12-2008,7,10,5,Wankhede Stadium,7,field,0,1,0,by runs,28,10,306,Mumbai,India
548314,25-12-2008,5,4,5,Sawai Mansingh Stadium,4,field,0,1,0,by runs,31,5,85,Jaipur,India
548315,26-12-2008,2,6,5,M Chinnaswamy Stadium,6,field,0,1,0,by runs,20,2,110,Bangalore,India
548316,27-12-2008,8,3,5,Dr. Y.S. Rajasekhara Reddy ACA-VDCA Cricket Stadium,8,field,0,1,0,by runs,74,3,35,Visakhapatnam,India
548317,28-12-2008,5,1,5,Sawai Mansingh Stadium,1,field,0,1,0,by runs,22,5,104,Jaipur,India
548318,29-12-2008,10,4,5,Subrata Roy Sahara Stadium,10,bat,0,1,0,by runs,22,10,307,Pune,India
548319,30-12-2008,8,7,5,Dr. Y.S. Rajasekhara Reddy ACA-VDCA Cricket Stadium,8,bat,0,1,0,by wickets,5,7,57,Visakhapatnam,India
548320,31-12-2008,2,1,5,M Chinnaswamy Stadium,2,field,0,1,0,by runs,42,1,151,Bangalore,India
548321,01-01-2009,6,3,5,Feroz Shah Kotla,6,field,0,1,0,by wickets,8,6,190,Delhi,India
548322,02-01-2009,7,5,5,Wankhede Stadium,5,field,0,1,0,by runs,27,7,221,Mumbai,India
548323,03-01-2009,3,2,5,"MA Chidambaram Stadium, Chepauk",2,bat,0,1,0,by wickets,5,3,303,Chennai,India
548324,04-01-2009,4,10,5,"Punjab Cricket Association Stadium, Mohali",4,field,0,1,0,by wickets,7,4,137,Chandigarh,India
548325,05-01-2009,1,5,5,Eden Gardens,5,bat,0,1,0,by wickets,5,1,276,Kolkata,India
548326,06-01-2009,6,8,5,Feroz Shah Kotla,8,bat,0,1,0,by wickets,5,6,158,Delhi,India
548327,07-01-2009,10,3,5,Subrata Roy Sahara Stadium,3,bat,0,1,0,by wickets,7,10,157,Pune,India
548328,08-01-2009,1,4,5,Eden Gardens,1,field,0,1,0,by runs,2,4,315,Kolkata,India
548329,09-01-2009,2,5,5,M Chinnaswamy Stadium,5,bat,0,1,0,by runs,59,5,85,Bangalore,India
548330,10-01-2009,7,6,5,Wankhede Stadium,6,field,0,1,0,by wickets,7,6,293,Mumbai,India
548331,11-01-2009,5,8,5,Sawai Mansingh Stadium,8,bat,0,1,0,by wickets,5,5,104,Jaipur,India
548332,12-01-2009,2,10,5,M Chinnaswamy Stadium,10,bat,0,1,0,by wickets,6,2,162,Bangalore,India
548333,13-01-2009,4,1,5,"Punjab Cricket Association Stadium, Mohali",4,bat,0,1,0,by wickets,8,1,40,Chandigarh,India
548334,14-01-2009,8,6,5,"Rajiv Gandhi International Stadium, Uppal",8,bat,0,1,0,by wickets,9,6,187,Hyderabad,India
548335,15-01-2009,3,10,5,"MA Chidambaram Stadium, Chepauk",10,field,0,1,0,by runs,13,3,324,Chennai,India
548336,16-01-2009,4,2,5,"Punjab Cricket Association Stadium, Mohali",2,field,0,1,0,by wickets,5,2,162,Chandigarh,India
548337,17-01-2009,3,5,5,"MA Chidambaram Stadium, Chepauk",5,bat,0,1,0,by wickets,7,3,303,Chennai,India
548338,18-01-2009,6,10,5,Feroz Shah Kotla,6,field,0,1,0,by runs,20,10,1,Delhi,India
548339,19-01-2009,7,4,5,Wankhede Stadium,7,bat,0,1,0,by wickets,6,4,100,Mumbai,India
548340,20-01-2009,8,1,5,Barabati Stadium,1,field,0,1,0,by wickets,5,1,66,Cuttack,India
548341,21-01-2009,5,2,5,Sawai Mansingh Stadium,5,field,0,1,0,by runs,46,2,110,Jaipur,India
548342,22-01-2009,10,6,5,Subrata Roy Sahara Stadium,10,bat,0,1,0,by wickets,8,6,41,Pune,India
548344,23-01-2009,4,7,5,"Punjab Cricket Association Stadium, Mohali",4,bat,0,1,0,by wickets,4,7,208,Chandigarh,India
548346,24-01-2009,10,8,5,Subrata Roy Sahara Stadium,8,bat,0,1,0,by runs,18,8,10,Pune,India
548347,25-01-2009,6,7,5,Feroz Shah Kotla,7,field,0,1,0,by runs,37,6,41,Delhi,India
548348,26-01-2009,3,4,5,"MA Chidambaram Stadium, Chepauk",4,bat,0,1,0,by runs,7,4,236,Chennai,India
548349,27-01-2009,1,2,5,Eden Gardens,1,bat,0,1,0,by runs,47,1,40,Kolkata,India
548350,28-01-2009,6,5,5,Feroz Shah Kotla,6,bat,0,1,0,by runs,1,6,41,Delhi,India
548351,29-01-2009,7,8,5,Wankhede Stadium,7,field,0,1,0,by wickets,5,7,94,Mumbai,India
548352,30-01-2009,3,1,5,"MA Chidambaram Stadium, Chepauk",3,bat,0,1,0,by wickets,5,1,40,Chennai,India
548353,31-01-2009,8,10,5,Barabati Stadium,8,bat,0,1,0,by runs,13,8,26,Cuttack,India
548354,01-02-2009,5,6,5,Sawai Mansingh Stadium,5,bat,0,1,0,by wickets,6,6,322,Jaipur,India
548355,02-02-2009,2,4,5,M Chinnaswamy Stadium,4,field,0,1,0,by wickets,4,4,321,Bangalore,India
548356,03-02-2009,10,7,5,Subrata Roy Sahara Stadium,7,bat,0,1,0,by runs,1,7,194,Pune,India
548357,04-02-2009,3,8,5,"MA Chidambaram Stadium, Chepauk",3,bat,0,1,0,by runs,10,3,21,Chennai,India
548358,05-02-2009,1,10,5,Eden Gardens,1,bat,0,1,0,by runs,7,1,315,Kolkata,India
548359,06-02-2009,4,5,5,"Punjab Cricket Association Stadium, Mohali",5,bat,0,1,0,by runs,43,5,32,Chandigarh,India
548360,07-02-2009,7,3,5,Wankhede Stadium,7,field,0,1,0,by wickets,2,7,147,Mumbai,India
548361,08-02-2009,2,8,5,M Chinnaswamy Stadium,2,field,0,1,0,by wickets,5,2,110,Bangalore,India
548362,09-02-2009,6,1,5,Feroz Shah Kotla,6,bat,0,1,0,by wickets,6,1,9,Delhi,India
548363,10-02-2009,10,5,5,Subrata Roy Sahara Stadium,10,bat,0,1,0,by wickets,7,5,32,Pune,India
548364,11-02-2009,8,4,5,"Rajiv Gandhi International Stadium, Uppal",8,field,0,1,0,by runs,25,4,236,Hyderabad,India
548365,12-02-2009,7,2,5,Wankhede Stadium,2,field,0,1,0,by wickets,9,2,162,Mumbai,India
548366,13-02-2009,5,3,5,Sawai Mansingh Stadium,3,field,0,1,0,by wickets,4,3,451,Jaipur,India
548367,14-02-2009,10,2,5,Subrata Roy Sahara Stadium,10,field,0,1,0,by runs,35,2,162,Pune,India
548368,15-02-2009,1,7,5,Eden Gardens,7,bat,0,1,0,by runs,27,7,57,Kolkata,India
548369,16-02-2009,3,6,5,"MA Chidambaram Stadium, Chepauk",3,field,0,1,0,by wickets,9,3,451,Chennai,India
548370,17-02-2009,5,10,5,Sawai Mansingh Stadium,5,bat,0,1,0,by runs,45,5,335,Jaipur,India
548371,18-02-2009,4,8,5,"Punjab Cricket Association Stadium, Mohali",8,bat,0,1,0,by wickets,4,4,4,Chandigarh,India
548372,19-02-2009,2,7,5,M Chinnaswamy Stadium,7,field,0,1,0,by wickets,5,7,208,Bangalore,India
548373,20-02-2009,1,3,5,Eden Gardens,3,field,0,1,0,by wickets,5,3,19,Kolkata,India
548374,21-02-2009,6,4,5,Feroz Shah Kotla,4,bat,0,1,0,by wickets,5,6,232,Delhi,India
548375,22-02-2009,7,1,5,Wankhede Stadium,7,field,0,1,0,by runs,32,1,315,Mumbai,India
548376,23-02-2009,4,3,5,Himachal Pradesh Cricket Association Stadium,4,field,0,1,0,by wickets,6,4,53,Dharamsala,India
548377,24-02-2009,6,2,5,Feroz Shah Kotla,6,field,0,1,0,by runs,21,2,162,Delhi,India
548378,25-02-2009,8,5,5,"Rajiv Gandhi International Stadium, Uppal",5,bat,0,1,0,by wickets,5,8,94,Hyderabad,India
548379,26-02-2009,4,6,5,Himachal Pradesh Cricket Association Stadium,6,field,0,1,0,by wickets,6,6,232,Dharamsala,India
548380,27-02-2009,10,1,5,Subrata Roy Sahara Stadium,1,bat,0,1,0,by runs,34,1,276,Pune,India
548381,28-02-2009,8,2,5,"Rajiv Gandhi International Stadium, Uppal",2,field,0,1,0,by runs,9,8,94,Hyderabad,India
548382,01-03-2009,5,7,5,Sawai Mansingh Stadium,5,bat,0,1,0,by wickets,10,7,147,Jaipur,India
548383,02-03-2009,6,1,5,Subrata Roy Sahara Stadium,1,bat,0,1,0,by runs,18,1,31,Pune,India
548384,03-03-2009,3,7,5,M Chinnaswamy Stadium,7,field,0,1,0,by runs,38,3,20,Bangalore,India
548385,04-03-2009,6,3,5,"MA Chidambaram Stadium, Chepauk",6,field,0,1,0,by runs,86,3,185,Chennai,India
548386,05-03-2009,1,3,5,"MA Chidambaram Stadium, Chepauk",3,bat,0,1,0,by wickets,5,1,214,Chennai,India
598003,06-03-2009,1,6,6,Eden Gardens,1,field,0,1,0,by wickets,6,1,315,Kolkata,India
598004,07-03-2009,2,7,6,M Chinnaswamy Stadium,7,field,0,1,0,by runs,2,2,162,Bangalore,India
598005,08-03-2009,11,10,6,"Rajiv Gandhi International Stadium, Uppal",10,field,0,1,0,by runs,22,11,136,Hyderabad,India
598006,09-03-2009,6,5,6,Feroz Shah Kotla,5,bat,0,1,0,by runs,5,5,6,Delhi,India
598007,10-03-2009,3,7,6,"MA Chidambaram Stadium, Chepauk",7,bat,0,1,0,by runs,9,7,221,Chennai,India
598008,11-03-2009,10,4,6,Subrata Roy Sahara Stadium,10,bat,0,1,0,by wickets,8,4,345,Pune,India
598009,12-03-2009,11,2,6,"Rajiv Gandhi International Stadium, Uppal",2,bat,1,1,0,Tie,NULL,11,340,Hyderabad,India
598010,13-03-2009,5,1,6,Sawai Mansingh Stadium,1,field,0,1,0,by runs,19,5,39,Jaipur,India
598011,14-03-2009,7,6,6,Wankhede Stadium,7,bat,0,1,0,by runs,44,7,88,Mumbai,India
598012,15-03-2009,4,3,6,"Punjab Cricket Association Stadium, Mohali",3,field,0,1,0,by wickets,10,3,19,Chandigarh,India
598013,16-03-2009,2,1,6,M Chinnaswamy Stadium,2,field,0,1,0,by wickets,8,2,162,Bangalore,India
598014,17-03-2009,10,5,6,Subrata Roy Sahara Stadium,5,bat,0,1,0,by wickets,7,10,254,Pune,India
598015,18-03-2009,6,11,6,Feroz Shah Kotla,6,bat,0,1,0,by wickets,3,11,136,Delhi,India
598016,19-03-2009,7,10,6,Wankhede Stadium,7,bat,0,1,0,by runs,41,7,57,Mumbai,India
598017,20-03-2009,3,2,6,"MA Chidambaram Stadium, Chepauk",3,field,0,1,0,by wickets,4,3,35,Chennai,India
598018,21-03-2009,1,11,6,Eden Gardens,1,bat,0,1,0,by runs,48,1,40,Kolkata,India
598019,22-03-2009,5,4,6,Sawai Mansingh Stadium,5,field,0,1,0,by wickets,6,5,310,Jaipur,India
598020,23-03-2009,3,10,6,"MA Chidambaram Stadium, Chepauk",10,bat,0,1,0,by runs,24,10,306,Chennai,India
598021,24-03-2009,4,1,6,"Punjab Cricket Association Stadium, Mohali",1,field,0,1,0,by runs,4,4,120,Chandigarh,India
598022,25-03-2009,2,6,6,M Chinnaswamy Stadium,2,field,1,1,0,Tie,NULL,2,8,Bangalore,India
598023,26-03-2009,10,11,6,Subrata Roy Sahara Stadium,10,field,0,1,0,by runs,11,11,136,Pune,India
598024,27-03-2009,5,7,6,Sawai Mansingh Stadium,5,bat,0,1,0,by runs,87,5,85,Jaipur,India
598025,28-03-2009,6,3,6,Feroz Shah Kotla,3,bat,0,1,0,by runs,86,3,19,Delhi,India
598026,29-03-2009,11,4,6,"Rajiv Gandhi International Stadium, Uppal",4,bat,0,1,0,by wickets,5,11,340,Hyderabad,India
598027,30-03-2009,1,3,6,Eden Gardens,1,bat,0,1,0,by wickets,4,3,35,Kolkata,India
598028,31-03-2009,2,5,6,M Chinnaswamy Stadium,2,field,0,1,0,by wickets,7,2,81,Bangalore,India
598029,01-04-2009,6,7,6,Feroz Shah Kotla,7,bat,0,1,0,by wickets,9,6,41,Delhi,India
598030,02-04-2009,4,10,6,"Punjab Cricket Association Stadium, Mohali",4,field,0,1,0,by wickets,7,4,320,Chandigarh,India
598031,03-04-2009,3,5,6,"MA Chidambaram Stadium, Chepauk",5,bat,0,1,0,by wickets,5,3,19,Chennai,India
598032,04-04-2009,2,10,6,M Chinnaswamy Stadium,10,field,0,1,0,by runs,130,2,162,Bangalore,India
598033,05-04-2009,4,6,6,Himachal Pradesh Cricket Association Stadium,6,field,0,1,0,by runs,7,4,320,Dharamsala,India
598034,06-04-2009,1,7,6,Eden Gardens,1,bat,0,1,0,by wickets,5,7,147,Kolkata,India
598035,07-04-2009,3,11,6,"MA Chidambaram Stadium, Chepauk",11,bat,0,1,0,by wickets,5,3,20,Chennai,India
598036,08-04-2009,1,4,6,Eden Gardens,4,bat,0,1,0,by wickets,6,1,9,Kolkata,India
598037,09-04-2009,5,11,6,Sawai Mansingh Stadium,11,bat,0,1,0,by wickets,8,5,310,Jaipur,India
598038,10-04-2009,7,2,6,Wankhede Stadium,7,bat,0,1,0,by runs,58,7,147,Mumbai,India
598039,11-04-2009,3,1,6,"MA Chidambaram Stadium, Chepauk",1,field,0,1,0,by runs,14,3,19,Chennai,India
598040,12-04-2009,6,10,6,Shaheed Veer Narayan Singh International Stadium,10,field,0,1,0,by runs,15,6,187,Raipur,India
598041,13-04-2009,5,2,6,Sawai Mansingh Stadium,5,field,0,1,0,by wickets,4,5,351,Jaipur,India
598042,14-04-2009,7,4,6,Wankhede Stadium,7,bat,0,1,0,by runs,4,7,57,Mumbai,India
598043,15-04-2009,10,3,6,Subrata Roy Sahara Stadium,3,bat,0,1,0,by runs,37,3,20,Pune,India
598044,16-04-2009,11,7,6,"Rajiv Gandhi International Stadium, Uppal",7,bat,0,1,0,by wickets,7,11,84,Hyderabad,India
598045,17-04-2009,6,1,6,Shaheed Veer Narayan Singh International Stadium,1,bat,0,1,0,by wickets,7,6,187,Raipur,India
598046,18-04-2009,3,4,6,"MA Chidambaram Stadium, Chepauk",3,bat,0,1,0,by runs,15,3,21,Chennai,India
598047,19-04-2009,10,2,6,Subrata Roy Sahara Stadium,2,bat,0,1,0,by runs,17,2,110,Pune,India
598048,20-04-2009,1,5,6,Eden Gardens,5,bat,0,1,0,by wickets,8,1,31,Kolkata,India
598049,21-04-2009,11,6,6,"Rajiv Gandhi International Stadium, Uppal",6,bat,0,1,0,by wickets,6,11,362,Hyderabad,India
598050,22-04-2009,2,4,6,M Chinnaswamy Stadium,4,field,0,1,0,by wickets,7,4,53,Bangalore,India
598051,23-04-2009,7,3,6,Wankhede Stadium,7,bat,0,1,0,by runs,60,7,357,Mumbai,India
598052,24-04-2009,5,10,6,Sawai Mansingh Stadium,10,bat,0,1,0,by wickets,5,5,85,Jaipur,India
598053,25-04-2009,2,11,6,M Chinnaswamy Stadium,11,bat,0,1,0,by wickets,7,2,8,Bangalore,India
598054,26-04-2009,5,6,6,Sawai Mansingh Stadium,6,bat,0,1,0,by wickets,9,5,85,Jaipur,India
598055,27-04-2009,7,1,6,Wankhede Stadium,7,bat,0,1,0,by runs,65,7,133,Mumbai,India
598056,28-04-2009,11,3,6,"Rajiv Gandhi International Stadium, Uppal",11,field,0,1,0,by runs,77,3,21,Hyderabad,India
598057,29-04-2009,4,5,6,"Punjab Cricket Association Stadium, Mohali",5,field,0,1,0,by wickets,8,5,309,Chandigarh,India
598058,30-04-2009,10,1,6,Subrata Roy Sahara Stadium,1,bat,0,1,0,by runs,46,1,40,Pune,India
598059,01-05-2009,6,2,6,Feroz Shah Kotla,6,field,0,1,0,by runs,4,2,346,Delhi,India
598060,02-05-2009,10,7,6,Subrata Roy Sahara Stadium,10,bat,0,1,0,by wickets,5,7,357,Pune,India
598061,03-05-2009,4,11,6,"Punjab Cricket Association Stadium, Mohali",4,field,0,1,0,by runs,30,11,17,Chandigarh,India
598062,04-05-2009,1,2,6,JSCA International Stadium Complex,1,field,0,1,0,by wickets,5,1,9,Ranchi,India
598063,05-05-2009,5,3,6,Sawai Mansingh Stadium,5,field,0,1,0,by wickets,5,5,32,Jaipur,India
598064,06-05-2009,6,4,6,Feroz Shah Kotla,4,field,0,1,0,by wickets,5,4,256,Delhi,India
598065,07-05-2009,7,11,6,Wankhede Stadium,11,bat,0,1,0,by wickets,7,7,221,Mumbai,India
598066,08-05-2009,1,10,6,JSCA International Stadium Complex,1,field,0,1,0,by runs,7,10,96,Ranchi,India
598067,09-05-2009,3,6,6,"MA Chidambaram Stadium, Chepauk",3,bat,0,1,0,by runs,33,3,20,Chennai,India
598068,10-05-2009,7,5,6,Wankhede Stadium,5,field,0,1,0,by runs,14,7,207,Mumbai,India
598069,11-05-2009,4,2,6,"Punjab Cricket Association Stadium, Mohali",4,field,0,1,0,by wickets,6,4,320,Chandigarh,India
598070,12-05-2009,11,5,6,"Rajiv Gandhi International Stadium, Uppal",11,bat,0,1,0,by runs,23,11,136,Hyderabad,India
598071,13-05-2009,4,7,6,Himachal Pradesh Cricket Association Stadium,7,field,0,1,0,by runs,50,4,321,Dharamsala,India
598072,14-05-2009,10,6,6,Subrata Roy Sahara Stadium,10,bat,0,1,0,by runs,38,10,358,Pune,India
598073,15-05-2009,2,3,6,M Chinnaswamy Stadium,3,field,0,1,0,by runs,24,2,8,Bangalore,India
598074,16-05-2009,11,1,6,"Rajiv Gandhi International Stadium, Uppal",1,bat,0,1,0,by wickets,5,11,17,Hyderabad,India
598075,17-05-2009,3,7,6,Feroz Shah Kotla,3,bat,0,1,0,by runs,48,3,19,Delhi,India
598076,18-05-2009,5,11,6,Feroz Shah Kotla,11,bat,0,1,0,by wickets,4,5,104,Delhi,India
598077,19-05-2009,7,5,6,Eden Gardens,5,bat,0,1,0,by wickets,4,7,50,Kolkata,India
598078,20-05-2009,3,7,6,Eden Gardens,7,bat,0,1,0,by runs,23,7,221,Kolkata,India
729284,21-05-2009,7,1,7,Sheikh Zayed Stadium,1,bat,0,1,0,by runs,41,1,9,Abu Dhabi,U.A.E
729286,22-05-2009,6,2,7,Sharjah Cricket Stadium,2,field,0,1,0,by wickets,8,2,382,Abu Dhabi,U.A.E
729288,23-05-2009,3,4,7,Sheikh Zayed Stadium,3,bat,0,1,0,by wickets,6,4,305,Abu Dhabi,U.A.E
729290,24-05-2009,11,5,7,Sheikh Zayed Stadium,5,field,0,1,0,by wickets,4,5,85,Abu Dhabi,U.A.E
729292,25-05-2009,2,7,7,Dubai International Cricket Stadium,2,field,0,1,0,by wickets,7,2,17,Abu Dhabi,U.A.E
729294,26-05-2009,1,6,7,Dubai International Cricket Stadium,1,bat,0,1,0,by wickets,4,6,154,Abu Dhabi,U.A.E
729296,27-05-2009,5,4,7,Sharjah Cricket Stadium,4,field,0,1,0,by wickets,7,4,305,Abu Dhabi,U.A.E
729298,28-05-2009,3,6,7,Sheikh Zayed Stadium,3,bat,0,1,0,by runs,93,3,21,Abu Dhabi,U.A.E
729300,29-05-2009,4,11,7,Sharjah Cricket Stadium,11,field,0,1,0,by runs,72,4,305,Abu Dhabi,U.A.E
729302,30-05-2009,5,3,7,Dubai International Cricket Stadium,5,field,0,1,0,by runs,7,3,35,Abu Dhabi,U.A.E
729304,31-05-2009,2,1,7,Sharjah Cricket Stadium,2,field,0,1,0,by runs,2,1,336,Abu Dhabi,U.A.E
729306,01-06-2009,11,6,7,Dubai International Cricket Stadium,11,bat,0,1,0,by runs,4,11,254,Abu Dhabi,U.A.E
729308,02-06-2009,3,7,7,Dubai International Cricket Stadium,7,bat,0,1,0,by wickets,7,3,364,Abu Dhabi,U.A.E
729310,03-06-2009,5,2,7,Sheikh Zayed Stadium,5,field,0,1,0,by wickets,6,5,370,Abu Dhabi,U.A.E
729312,04-06-2009,1,4,7,Sheikh Zayed Stadium,1,field,0,1,0,by runs,23,4,367,Abu Dhabi,U.A.E
729314,05-06-2009,6,7,7,Sharjah Cricket Stadium,7,bat,0,1,0,by wickets,6,6,185,Abu Dhabi,U.A.E
729316,06-06-2009,11,3,7,Sharjah Cricket Stadium,11,bat,0,1,0,by wickets,5,3,147,Abu Dhabi,U.A.E
729318,07-06-2009,4,2,7,Dubai International Cricket Stadium,4,field,0,1,0,by wickets,5,4,367,Abu Dhabi,U.A.E
729320,08-06-2009,1,5,7,Sheikh Zayed Stadium,5,bat,1,1,0,Tie,NULL,5,310,Abu Dhabi,U.A.E
729322,09-06-2009,7,11,7,Dubai International Cricket Stadium,7,field,0,1,0,by runs,15,11,299,Abu Dhabi,U.A.E
733976,10-06-2009,3,1,7,JSCA International Stadium Complex,3,bat,0,1,0,by runs,34,3,35,Ranchi,India
733978,11-06-2009,7,4,7,Wankhede Stadium,4,bat,0,1,0,by wickets,5,7,372,Mumbai,India
733980,12-06-2009,6,5,7,Feroz Shah Kotla,5,field,0,1,0,by wickets,7,5,339,Delhi,India
733982,13-06-2009,2,11,7,M Chinnaswamy Stadium,2,field,0,1,0,by wickets,4,2,110,Bangalore,India
733984,14-06-2009,5,1,7,"Sardar Patel Stadium, Motera",1,field,0,1,0,by runs,10,5,370,Ahmedabad,India
733986,15-06-2009,6,3,7,Feroz Shah Kotla,3,field,0,1,0,by wickets,8,3,147,Delhi,India
733988,16-06-2009,7,2,7,Wankhede Stadium,2,field,0,1,0,by runs,19,7,57,Mumbai,India
733990,17-06-2009,6,1,7,Feroz Shah Kotla,6,bat,0,1,0,by wickets,8,1,40,Delhi,India
733992,18-06-2009,4,3,7,Barabati Stadium,3,field,0,1,0,by runs,44,4,305,Cuttack,India
733994,19-06-2009,5,11,7,"Sardar Patel Stadium, Motera",5,field,0,1,0,by runs,32,11,299,Ahmedabad,India
733996,20-06-2009,2,4,7,M Chinnaswamy Stadium,2,field,0,1,0,by runs,32,4,367,Bangalore,India
733998,21-06-2009,6,11,7,Feroz Shah Kotla,11,field,0,1,1,by wickets,8,11,94,Delhi,India
734000,22-06-2009,7,3,7,Wankhede Stadium,3,field,0,1,0,by wickets,4,3,147,Mumbai,India
734002,23-06-2009,4,1,7,Barabati Stadium,1,field,0,1,0,by wickets,9,1,40,Cuttack,India
734004,24-06-2009,2,5,7,M Chinnaswamy Stadium,2,bat,0,1,0,by wickets,5,5,310,Bangalore,India
734006,25-06-2009,11,7,7,"Rajiv Gandhi International Stadium, Uppal",11,bat,0,1,0,by wickets,7,7,208,Hyderabad,India
734008,26-06-2009,3,5,7,JSCA International Stadium Complex,5,bat,0,1,0,by wickets,5,3,35,Ranchi,India
734010,27-06-2009,2,6,7,M Chinnaswamy Stadium,6,field,0,1,0,by runs,16,2,27,Bangalore,India
734012,28-06-2009,11,4,7,"Rajiv Gandhi International Stadium, Uppal",4,field,0,1,0,by wickets,6,4,62,Hyderabad,India
734014,29-06-2009,1,7,7,Barabati Stadium,1,field,0,1,0,by wickets,6,1,46,Cuttack,India
734016,30-06-2009,5,6,7,"Sardar Patel Stadium, Motera",6,field,0,1,0,by runs,62,5,85,Ahmedabad,India
734018,01-07-2009,3,2,7,JSCA International Stadium Complex,3,bat,0,1,0,by wickets,5,2,110,Ranchi,India
734020,02-07-2009,11,1,7,"Rajiv Gandhi International Stadium, Uppal",11,bat,0,1,0,by wickets,7,1,232,Hyderabad,India
734022,03-07-2009,5,7,7,"Sardar Patel Stadium, Motera",7,bat,0,1,0,by runs,25,7,19,Ahmedabad,India
734024,04-07-2009,6,4,7,Feroz Shah Kotla,4,field,0,1,0,by wickets,4,4,374,Delhi,India
734026,05-07-2009,11,2,7,"Rajiv Gandhi International Stadium, Uppal",2,bat,0,1,0,by wickets,7,11,187,Hyderabad,India
734028,06-07-2009,1,3,7,Eden Gardens,1,field,0,1,0,by wickets,8,1,46,Kolkata,India
734030,07-07-2009,4,7,7,"Punjab Cricket Association Stadium, Mohali",7,field,0,1,0,by wickets,7,7,383,Chandigarh,India
734032,08-07-2009,1,2,7,Eden Gardens,2,field,0,1,0,by runs,30,1,46,Kolkata,India
734034,09-07-2009,3,11,7,JSCA International Stadium Complex,11,field,0,1,0,by wickets,6,11,187,Ranchi,India
734036,10-07-2009,7,6,7,Wankhede Stadium,6,field,0,1,0,by runs,15,7,19,Mumbai,India
734038,11-07-2009,4,5,7,"Punjab Cricket Association Stadium, Mohali",5,field,0,1,0,by runs,16,4,100,Chandigarh,India
734040,12-07-2009,2,3,7,M Chinnaswamy Stadium,3,field,0,1,0,by wickets,8,3,20,Bangalore,India
734042,13-07-2009,1,11,7,Eden Gardens,1,field,0,1,0,by wickets,4,1,31,Kolkata,India
734044,14-07-2009,4,6,7,"Punjab Cricket Association Stadium, Mohali",4,field,0,1,0,by wickets,7,4,345,Chandigarh,India
734046,15-07-2009,7,5,7,Wankhede Stadium,7,field,0,1,0,by wickets,5,7,372,Mumbai,India
734048,16-07-2009,4,1,7,Eden Gardens,4,field,0,1,0,by runs,28,1,232,Kolkata,India
734050,17-07-2009,3,7,7,Brabourne Stadium,3,field,0,1,0,by wickets,7,3,21,Mumbai,India
734052,18-07-2009,3,4,7,Wankhede Stadium,3,field,0,1,0,by runs,24,4,41,Mumbai,India
734054,19-07-2009,1,4,7,M Chinnaswamy Stadium,1,field,0,1,0,by wickets,3,1,96,Bangalore,India
829710,20-07-2009,1,7,8,Eden Gardens,1,field,0,1,0,by wickets,7,1,190,Kolkata,India
829712,21-07-2009,3,6,8,"MA Chidambaram Stadium, Chepauk",6,field,0,1,0,by runs,1,3,73,Chennai,India
829714,22-07-2009,4,5,8,Maharashtra Cricket Association Stadium,4,field,0,1,0,by runs,26,5,310,Pune,India
829716,23-07-2009,3,11,8,"MA Chidambaram Stadium, Chepauk",3,bat,0,1,0,by runs,45,3,2,Chennai,India
829718,24-07-2009,1,2,8,Eden Gardens,2,field,0,1,0,by wickets,3,2,162,Kolkata,India
829720,25-07-2009,6,5,8,Feroz Shah Kotla,5,field,0,1,0,by wickets,3,5,394,Delhi,India
829722,26-07-2009,7,4,8,Wankhede Stadium,7,field,0,1,0,by runs,18,4,197,Mumbai,India
829724,27-07-2009,2,11,8,M Chinnaswamy Stadium,11,field,0,1,0,by wickets,8,11,187,Bangalore,India
829726,28-07-2009,5,7,8,"Sardar Patel Stadium, Motera",7,bat,0,1,0,by wickets,7,5,306,Ahmedabad,India
829728,29-07-2009,1,3,8,Eden Gardens,1,field,0,1,0,by wickets,7,1,334,Kolkata,India
829730,30-07-2009,4,6,8,Maharashtra Cricket Association Stadium,4,bat,0,1,0,by wickets,5,6,260,Pune,India
829732,31-07-2009,11,5,8,Dr. Y.S. Rajasekhara Reddy ACA-VDCA Cricket Stadium,5,field,0,1,0,by wickets,6,5,85,Visakhapatnam,India
829734,01-08-2009,7,3,8,Wankhede Stadium,7,bat,0,1,0,by wickets,6,3,73,Mumbai,India
829736,02-08-2009,11,6,8,Dr. Y.S. Rajasekhara Reddy ACA-VDCA Cricket Stadium,6,bat,0,1,0,by runs,4,6,154,Visakhapatnam,India
829738,03-08-2009,4,1,8,Maharashtra Cricket Association Stadium,1,field,0,1,0,by wickets,4,1,334,Pune,India
829740,04-08-2009,5,3,8,"Sardar Patel Stadium, Motera",3,bat,0,1,0,by wickets,8,5,85,Ahmedabad,India
829742,05-08-2009,2,7,8,M Chinnaswamy Stadium,2,field,0,1,0,by runs,18,7,50,Bangalore,India
829744,06-08-2009,6,1,8,Feroz Shah Kotla,1,field,0,1,0,by wickets,6,1,232,Delhi,India
829746,07-08-2009,5,4,8,"Sardar Patel Stadium, Motera",4,field,1,1,0,Tie,NULL,4,100,Ahmedabad,India
829748,08-08-2009,11,1,8,Dr. Y.S. Rajasekhara Reddy ACA-VDCA Cricket Stadium,1,field,0,1,1,by runs,16,11,187,Visakhapatnam,India
829750,09-08-2009,2,3,8,M Chinnaswamy Stadium,2,field,0,1,0,by runs,27,3,21,Bangalore,India
829752,10-08-2009,6,7,8,Feroz Shah Kotla,7,field,0,1,0,by runs,37,6,393,Delhi,India
829754,11-08-2009,5,2,8,"Sardar Patel Stadium, Motera",2,field,0,1,0,by wickets,9,2,378,Ahmedabad,India
829756,12-08-2009,7,11,8,Wankhede Stadium,7,bat,0,1,0,by runs,20,7,194,Mumbai,India
829758,13-08-2009,3,4,8,"MA Chidambaram Stadium, Chepauk",3,bat,0,1,0,by runs,97,3,2,Chennai,India
829762,14-08-2009,6,2,8,Feroz Shah Kotla,2,field,0,1,0,by wickets,10,2,296,Delhi,India
829764,15-08-2009,4,11,8,"Punjab Cricket Association Stadium, Mohali",4,field,0,1,0,by runs,20,11,458,Chandigarh,India
829766,16-08-2009,1,6,8,Eden Gardens,1,bat,0,1,0,by runs,13,1,67,Kolkata,India
829768,17-08-2009,2,5,8,M Chinnaswamy Stadium,5,field,0,0,0,No Result,NULL,NULL,,Bangalore,India
829770,18-08-2009,3,1,8,"MA Chidambaram Stadium, Chepauk",1,field,0,1,0,by runs,2,3,71,Chennai,India
829772,19-08-2009,6,4,8,Feroz Shah Kotla,6,field,0,1,0,by wickets,9,6,371,Delhi,India
829774,20-08-2009,7,5,8,Wankhede Stadium,5,field,0,1,0,by runs,8,7,208,Mumbai,India
829776,21-08-2009,2,1,8,M Chinnaswamy Stadium,2,field,0,1,0,by wickets,7,2,236,Bangalore,India
829778,22-08-2009,11,3,8,"Rajiv Gandhi International Stadium, Uppal",3,field,0,1,0,by runs,22,11,187,Hyderabad,India
829780,23-08-2009,4,7,8,"Punjab Cricket Association Stadium, Mohali",7,bat,0,1,0,by runs,23,7,383,Chandigarh,India
829782,24-08-2009,5,6,8,Brabourne Stadium,6,field,0,1,0,by runs,14,5,85,Mumbai,India
829784,25-08-2009,3,2,8,"MA Chidambaram Stadium, Chepauk",3,bat,0,1,0,by runs,24,3,21,Chennai,India
829786,26-08-2009,1,11,8,Eden Gardens,11,field,0,1,0,by runs,35,1,232,Kolkata,India
829788,27-08-2009,7,6,8,Wankhede Stadium,6,bat,0,1,0,by wickets,5,7,50,Mumbai,India
829790,28-08-2009,2,4,8,M Chinnaswamy Stadium,4,field,0,1,0,by runs,138,2,162,Bangalore,India
829792,29-08-2009,5,11,8,Brabourne Stadium,5,field,0,1,0,by runs,7,11,216,Mumbai,India
829794,30-08-2009,3,7,8,"MA Chidambaram Stadium, Chepauk",3,bat,0,1,0,by wickets,6,7,400,Chennai,India
829796,31-08-2009,1,4,8,Eden Gardens,4,bat,0,1,0,by wickets,1,1,334,Kolkata,India
829798,01-09-2009,6,11,8,Shaheed Veer Narayan Singh International Stadium,11,bat,0,1,0,by runs,6,11,163,Raipur,India
829800,02-09-2009,7,2,8,Wankhede Stadium,2,bat,0,1,0,by runs,39,2,110,Mumbai,India
829802,03-09-2009,3,5,8,"MA Chidambaram Stadium, Chepauk",3,bat,0,1,0,by runs,12,3,35,Chennai,India
829804,04-09-2009,11,4,8,"Rajiv Gandhi International Stadium, Uppal",11,bat,0,1,0,by runs,5,11,187,Hyderabad,India
829806,05-09-2009,6,3,8,Shaheed Veer Narayan Singh International Stadium,3,bat,0,1,0,by wickets,6,6,15,Raipur,India
829808,06-09-2009,4,2,8,"Punjab Cricket Association Stadium, Mohali",2,field,0,1,0,by runs,22,4,374,Chandigarh,India
829810,07-09-2009,7,1,8,Wankhede Stadium,1,field,0,1,0,by runs,5,7,400,Mumbai,India
829812,08-09-2009,11,2,8,"Rajiv Gandhi International Stadium, Uppal",11,bat,0,1,1,by wickets,6,2,8,Hyderabad,India
829814,09-09-2009,4,3,8,"Punjab Cricket Association Stadium, Mohali",4,bat,0,1,0,by wickets,7,3,322,Chandigarh,India
829816,10-09-2009,5,1,8,Brabourne Stadium,5,bat,0,1,0,by runs,9,5,32,Mumbai,India
829818,11-09-2009,2,6,8,M Chinnaswamy Stadium,2,field,0,0,0,No Result,NULL,NULL,,Bangalore,India
829820,12-09-2009,11,7,8,"Rajiv Gandhi International Stadium, Uppal",11,bat,0,1,0,by wickets,9,7,403,Hyderabad,India
829822,13-09-2009,3,7,8,Wankhede Stadium,7,bat,0,1,0,by runs,25,7,221,Mumbai,India
829824,14-09-2009,2,5,8,Maharashtra Cricket Association Stadium,2,bat,0,1,0,by runs,71,2,110,Pune,India
829826,15-09-2009,3,2,8,JSCA International Stadium Complex,3,field,0,1,0,by wickets,3,3,73,Ranchi,India
829828,16-09-2009,7,3,8,Eden Gardens,3,field,0,1,0,by runs,41,7,57,Kolkata,India
980906,17-09-2009,7,12,9,Wankhede Stadium,7,bat,0,1,0,by wickets,9,12,85,Mumbai,India
980908,18-09-2009,1,6,9,Eden Gardens,1,field,0,1,0,by wickets,9,1,334,Kolkata,India
980910,19-09-2009,4,13,9,"Punjab Cricket Association IS Bindra Stadium, Mohali",13,field,0,1,0,by wickets,5,13,254,Chandigarh,India
980912,20-09-2009,2,11,9,M Chinnaswamy Stadium,11,field,0,1,0,by runs,45,2,110,Bangalore,India
980914,21-09-2009,1,7,9,Eden Gardens,7,field,0,1,0,by wickets,6,7,57,Kolkata,India
980916,22-09-2009,13,12,9,Saurashtra Cricket Association Stadium,12,bat,0,1,0,by wickets,7,13,254,Rajkot,India
980918,23-09-2009,6,4,9,Feroz Shah Kotla,6,field,0,1,0,by wickets,8,6,136,Delhi,India
980920,24-09-2009,11,1,9,"Rajiv Gandhi International Stadium, Uppal",11,bat,0,1,0,by wickets,8,1,40,Hyderabad,India
980922,25-09-2009,7,13,9,Wankhede Stadium,13,field,0,1,0,by wickets,3,13,254,Mumbai,India
980924,26-09-2009,4,12,9,"Punjab Cricket Association IS Bindra Stadium, Mohali",12,bat,0,1,0,by wickets,6,4,345,Chandigarh,India
980926,27-09-2009,2,6,9,M Chinnaswamy Stadium,6,field,0,1,0,by wickets,7,6,355,Bangalore,India
980928,28-09-2009,11,7,9,"Rajiv Gandhi International Stadium, Uppal",11,field,0,1,0,by wickets,7,11,187,Hyderabad,India
980930,29-09-2009,4,1,9,"Punjab Cricket Association IS Bindra Stadium, Mohali",1,field,0,1,0,by wickets,6,1,46,Chandigarh,India
980932,30-09-2009,7,2,9,Wankhede Stadium,7,field,0,1,0,by wickets,6,7,57,Mumbai,India
980934,01-10-2009,13,11,9,Saurashtra Cricket Association Stadium,11,field,0,1,0,by wickets,10,11,299,Rajkot,India
980936,02-10-2009,12,2,9,Maharashtra Cricket Association Stadium,12,field,0,1,0,by runs,13,2,110,Pune,India
980938,03-10-2009,6,7,9,Feroz Shah Kotla,7,field,0,1,0,by runs,10,6,351,Delhi,India
980940,04-10-2009,11,4,9,"Rajiv Gandhi International Stadium, Uppal",11,field,0,1,0,by wickets,5,11,460,Hyderabad,India
980942,05-10-2009,13,2,9,Saurashtra Cricket Association Stadium,2,bat,0,1,0,by wickets,6,13,8,Rajkot,India
980944,06-10-2009,12,1,9,Maharashtra Cricket Association Stadium,1,field,0,1,0,by wickets,2,1,308,Pune,India
980946,07-10-2009,4,7,9,"Punjab Cricket Association IS Bindra Stadium, Mohali",4,field,0,1,0,by runs,25,7,17,Chandigarh,India
980948,08-10-2009,11,12,9,"Rajiv Gandhi International Stadium, Uppal",12,field,0,1,1,by runs,34,12,106,Hyderabad,India
980950,09-10-2009,6,13,9,Feroz Shah Kotla,6,field,0,1,0,by runs,1,13,350,Delhi,India
980952,10-10-2009,7,1,9,Wankhede Stadium,7,field,0,1,0,by wickets,6,7,57,Mumbai,India
980954,11-10-2009,12,13,9,Maharashtra Cricket Association Stadium,13,field,0,1,0,by wickets,3,13,147,Pune,India
980956,12-10-2009,6,1,9,Feroz Shah Kotla,1,field,0,1,0,by runs,27,6,408,Delhi,India
980958,13-10-2009,11,2,9,"Rajiv Gandhi International Stadium, Uppal",2,field,0,1,0,by runs,15,11,187,Hyderabad,India
980960,14-10-2009,13,4,9,Saurashtra Cricket Association Stadium,13,field,0,1,0,by runs,23,4,374,Rajkot,India
980962,15-10-2009,12,7,9,Maharashtra Cricket Association Stadium,7,field,0,1,0,by wickets,8,7,57,Pune,India
980964,16-10-2009,2,1,9,M Chinnaswamy Stadium,1,field,0,1,0,by wickets,5,1,334,Bangalore,India
980966,17-10-2009,13,6,9,Saurashtra Cricket Association Stadium,6,field,0,1,0,by wickets,8,6,420,Rajkot,India
980968,18-10-2009,1,4,9,Eden Gardens,4,field,0,1,0,by runs,7,1,334,Kolkata,India
980970,19-10-2009,6,12,9,Feroz Shah Kotla,12,field,0,1,0,by wickets,7,12,85,Delhi,India
980972,20-10-2009,11,13,9,"Rajiv Gandhi International Stadium, Uppal",11,field,0,1,0,by wickets,5,11,299,Hyderabad,India
980974,21-10-2009,2,12,9,M Chinnaswamy Stadium,2,field,0,1,0,by wickets,7,2,8,Bangalore,India
980976,22-10-2009,4,6,9,"Punjab Cricket Association IS Bindra Stadium, Mohali",6,field,0,1,0,by runs,9,4,409,Chandigarh,India
980978,23-10-2009,7,11,9,Dr. Y.S. Rajasekhara Reddy ACA-VDCA Cricket Stadium,7,field,0,1,0,by runs,85,11,73,Visakhapatnam,India
980980,24-10-2009,1,13,9,Eden Gardens,13,field,0,1,0,by wickets,5,13,14,Kolkata,India
980982,25-10-2009,4,2,9,"Punjab Cricket Association IS Bindra Stadium, Mohali",4,field,0,1,0,by runs,1,2,32,Chandigarh,India
980984,26-10-2009,12,11,9,Dr. Y.S. Rajasekhara Reddy ACA-VDCA Cricket Stadium,11,bat,0,1,0,by runs,4,11,430,Visakhapatnam,India
980986,27-10-2009,2,7,9,M Chinnaswamy Stadium,7,field,0,1,0,by wickets,6,7,413,Bangalore,India
980988,28-10-2009,11,6,9,"Rajiv Gandhi International Stadium, Uppal",6,field,0,1,0,by wickets,7,6,350,Hyderabad,India
980990,29-10-2009,7,4,9,Dr. Y.S. Rajasekhara Reddy ACA-VDCA Cricket Stadium,7,bat,0,1,0,by wickets,7,4,409,Visakhapatnam,India
980992,30-10-2009,2,13,9,M Chinnaswamy Stadium,13,field,0,1,0,by runs,144,2,110,Bangalore,India
980994,31-10-2009,1,12,9,Eden Gardens,12,bat,0,1,1,by wickets,8,1,31,Kolkata,India
980996,01-11-2009,4,11,9,"Punjab Cricket Association IS Bindra Stadium, Mohali",4,bat,0,1,0,by wickets,7,11,427,Chandigarh,India
980998,02-11-2009,7,6,9,Dr. Y.S. Rajasekhara Reddy ACA-VDCA Cricket Stadium,6,field,0,1,0,by runs,80,7,413,Visakhapatnam,India
981000,03-11-2009,1,2,9,Eden Gardens,2,field,0,1,0,by wickets,9,2,8,Kolkata,India
981002,04-11-2009,12,6,9,Dr. Y.S. Rajasekhara Reddy ACA-VDCA Cricket Stadium,12,field,0,1,1,by runs,19,12,106,Visakhapatnam,India
981004,05-11-2009,2,4,9,M Chinnaswamy Stadium,4,field,0,1,1,by runs,82,2,8,Bangalore,India
981006,06-11-2009,13,1,9,Green Park,13,field,0,1,0,by wickets,6,13,147,Kanpur,India
981008,07-11-2009,6,11,9,Shaheed Veer Narayan Singh International Stadium,6,field,0,1,0,by wickets,6,6,339,Raipur,India
981010,08-11-2009,12,4,9,Dr. Y.S. Rajasekhara Reddy ACA-VDCA Cricket Stadium,4,bat,0,1,0,by wickets,4,12,20,Visakhapatnam,India
981012,09-11-2009,13,7,9,Green Park,13,field,0,1,0,by wickets,6,13,21,Kanpur,India
981014,10-11-2009,1,11,9,Eden Gardens,11,field,0,1,0,by runs,22,1,31,Kolkata,India
981016,11-11-2009,6,2,9,Shaheed Veer Narayan Singh International Stadium,2,field,0,1,0,by wickets,6,2,8,Raipur,India
981018,12-11-2009,13,2,9,M Chinnaswamy Stadium,2,field,0,1,0,by wickets,4,2,110,Bangalore,India
981020,13-11-2009,11,1,9,Feroz Shah Kotla,1,field,0,1,0,by runs,22,11,163,Delhi,India
981022,14-11-2009,13,11,9,Feroz Shah Kotla,11,field,0,1,0,by wickets,4,11,187,Delhi,India
981024,15-11-2009,2,11,9,M Chinnaswamy Stadium,11,bat,0,1,0,by runs,8,11,385,Bangalore,India
